{"baseYear":2026,"baseMonth":6,"brands":{"MLB":{"months":["25년1월","25년2월","25년3월","25년4월","25년5월","25년6월","25년7월","25년8월","25년9월","25년10월","25년11월","25년12월","26년1월","26년2월","26년3월","26년4월","26년5월","26년6월","전체"],"rows":{"CN원가율":[0.153,0.154,0.152,0.153,0.153,0.14400000000000002,0.149,0.152,0.14400000000000002,0.142,0.128,0.14400000000000002,0.151,0.149,0.14400000000000002,0.141,0.14400000000000002,0.146,0.14800000000000002],"IMP원가율":[0.42,0.41700000000000004,0.41700000000000004,0.413,0.401,0.39399999999999996,0.402,0.39,0.39,0.386,0.373,0.371,0.38,0.387,0.38799999999999996,0.39,0.38,0.381,0.39299999999999996],"CN비중":[0.23,0.193,0.196,0.121,0.152,0.121,0.267,0.16399999999999998,0.177,0.09699999999999999,0.099,0.122,0.158,0.174,0.19,0.17600000000000002,0.215,0.251,0.171],"가중평균":[0.359,0.366,0.365,0.382,0.363,0.364,0.335,0.35100000000000003,0.34600000000000003,0.36200000000000004,0.349,0.34299999999999997,0.344,0.345,0.342,0.34600000000000003,0.33,0.322,0.35100000000000003]}},"MLB KIDS":{"months":["25년1월","25년2월","25년3월","25년4월","25년5월","25년6월","25년7월","25년8월","25년9월","25년10월","25년11월","25년12월","26년1월","26년2월","26년3월","26년4월","26년5월","26년6월","전체"],"rows":{"CN원가율":[0.193,0.195,0.18600000000000003,0.185,0.18,0.21100000000000002,0.213,0.19699999999999998,0.19699999999999998,0.193,0.204,0.196,0.192,0.19399999999999998,0.18899999999999997,0.18899999999999997,0.188,0.201,0.19399999999999998],"IMP원가율":[0.423,0.426,0.47100000000000003,0.41600000000000004,0.40299999999999997,0.401,0.41600000000000004,0.423,0.42700000000000005,0.424,0.42,0.428,0.43,0.428,0.428,0.43,0.428,0.423,0.426],"CN비중":[0.332,0.244,0.368,0.12300000000000001,0.315,0.311,0.359,0.349,0.17,0.111,0.22,0.295,0.25,0.304,0.32799999999999996,0.435,0.384,0.39799999999999996,0.281],"가중평균":[0.34700000000000003,0.37,0.366,0.387,0.33299999999999996,0.342,0.34299999999999997,0.345,0.38799999999999996,0.39899999999999997,0.373,0.36,0.371,0.35700000000000004,0.35,0.325,0.336,0.335,0.361]}}}}