{
  "year": 2026,
  "savedAt": "2026-06-12T00:10:48.817Z",
  "brands": {
    "MLB": {
      "dealer": [
        769651234.75,
        938867486.410164,
        556650651.48,
        577990605.544998,
        619861188.320834,
        516003408.85324645,
        488445628.2517165,
        545303456.4683108,
        506017311.1780782,
        758457965.7011075,
        735012591.9715558,
        729076234.5112697
      ],
      "direct": [
        132257829.0177,
        90067360.7773,
        89235004.3406,
        80204929.9698,
        104506760.7548,
        69524751.64960754,
        63379794.95054858,
        79418315.7560222,
        80114953.75037445,
        198156747.648141,
        112505434.59542269,
        112754671.78106733
      ]
    },
    "MLB KIDS": {
      "dealer": [
        31112698.08,
        33384082.5500004,
        17328591.63,
        19656291.68,
        20562413.14,
        17157700.868598327,
        16861473.477865554,
        22292533.232398797,
        17788434.83454482,
        26931438.925315887,
        23137348.52092332,
        23411648.409179118
      ],
      "direct": [
        14524512.64,
        11106755.446,
        8009074.1991,
        9179281.13,
        11334386.94,
        5595604.455254731,
        5402572.23679488,
        8680250.583110552,
        8093138.4646317,
        18181499.90284715,
        9298836.196621845,
        11186371.750901965
      ]
    },
    "DISCOVERY": {
      "dealer": [
        5434507,
        4841222,
        2935387,
        2764841,
        2923737.4,
        6338455.996854592,
        9047755.603193216,
        12717936.006326407,
        12228208.001185969,
        18961651.591206815,
        17391246.512668606,
        25122080.00994236
      ],
      "direct": [
        3479732.49,
        1304264.7,
        1507646.91,
        1053184.28,
        1951112.1,
        2405138.099601596,
        1443546.97969664,
        7682324.74151532,
        4618006.279307541,
        9232975.80513676,
        4695755.783110476,
        6039819.589690456
      ]
    },
    "DUVETICA": {
      "dealer": [
        null,
        null,
        null,
        null,
        null,
        null,
        null,
        null,
        null,
        null,
        null,
        null
      ],
      "direct": [
        null,
        null,
        null,
        null,
        null,
        null,
        null,
        null,
        null,
        null,
        null,
        null
      ]
    },
    "SUPRA": {
      "dealer": [
        null,
        null,
        null,
        null,
        null,
        null,
        null,
        null,
        null,
        null,
        null,
        null
      ],
      "direct": [
        null,
        null,
        null,
        null,
        null,
        null,
        null,
        null,
        null,
        null,
        null,
        null
      ]
    }
  }
}