{
  "year": 2026,
  "savedAt": "2026-05-13T12:40:52.343Z",
  "brands": {
    "MLB": {
      "dealer": [
        769650835.8,
        938867490,
        556650651.5,
        577990610,
        643514245.7572906,
        516003408.85324645,
        488445628.2517165,
        545303456.4683108,
        506017311.1780782,
        758457965.7011075,
        735012591.9715558,
        729076234.5112697
      ],
      "direct": [
        132767785,
        89868312.4,
        86159874.22,
        80204930,
        122466725.64057454,
        69524751.64960754,
        63379794.95054858,
        79418315.7560222,
        80114953.75037445,
        198156747.648141,
        112505434.59542269,
        112754671.78106733
      ]
    },
    "MLB KIDS": {
      "dealer": [
        31112698.08,
        33384080,
        17328591.63,
        19656140,
        24771290.835959885,
        17157700.868598327,
        16861473.477865554,
        22292533.232398797,
        17788434.83454482,
        26931438.925315887,
        23137348.52092332,
        23411648.409179118
      ],
      "direct": [
        14515564.16,
        11085141.8,
        7786240.174,
        9179280,
        10583476.21073088,
        5595604.455254731,
        5402572.23679488,
        8680250.583110552,
        8093138.4646317,
        18181499.90284715,
        9298836.196621845,
        11186371.750901965
      ]
    },
    "DISCOVERY": {
      "dealer": [
        5434507,
        4841220,
        2935387,
        2764840,
        6602452.00273132,
        6338455.996854592,
        9047755.603193216,
        12717936.006326407,
        12228208.001185969,
        18961651.591206815,
        17391246.512668606,
        25122080.00994236
      ],
      "direct": [
        3485761.85,
        1297533.8,
        1507646.768,
        1053180,
        2663831.538832716,
        2405138.099601596,
        1443546.97969664,
        7682324.74151532,
        4618006.279307541,
        9232975.80513676,
        4695755.783110476,
        6039819.589690456
      ]
    },
    "DUVETICA": {
      "dealer": [
        null,
        null,
        null,
        null,
        null,
        null,
        null,
        null,
        null,
        null,
        null,
        null
      ],
      "direct": [
        null,
        null,
        null,
        null,
        null,
        null,
        null,
        null,
        null,
        null,
        null,
        null
      ]
    },
    "SUPRA": {
      "dealer": [
        null,
        null,
        null,
        null,
        null,
        null,
        null,
        null,
        null,
        null,
        null,
        null
      ],
      "direct": [
        null,
        null,
        null,
        null,
        null,
        null,
        null,
        null,
        null,
        null,
        null,
        null
      ]
    }
  }
}