{
  "closing": {
    "negative": {
      "MLB": 2511785,
      "MLB KIDS": 176780.0185,
      "DISCOVERY": 364377.88396
    },
    "base": {
      "MLB": 2507608,
      "MLB KIDS": 172766.78294,
      "DISCOVERY": 364377.88396
    },
    "positive": {
      "MLB": 2515644,
      "MLB KIDS": 169870.69995,
      "DISCOVERY": 351154.1161
    }
  },
  "retailHqMonthly": {
    "negative": {
      "MLB": [
        163956281,
        108539841,
        111832234,
        102859630,
        139832894,
        77064095.68,
        70763997.2,
        87614632.56,
        92459039.92,
        247605529.60000002,
        140583084.72,
        127639473.52000001
      ],
      "MLB KIDS": [
        19239727,
        14679712,
        11088466,
        12527673,
        15234946,
        8124631,
        8053248,
        13078173,
        11956759,
        24536562,
        12077145,
        13421113
      ],
      "DISCOVERY": [
        4084151,
        1531054,
        1703816,
        1173245,
        2814634,
        3270946.0200000005,
        1861416.9600000002,
        9523062.9,
        5847318.51,
        12768718.65,
        6163419.630000001,
        8541553.47
      ]
    },
    "base": {
      "MLB": [
        163956281,
        108539841,
        111832234,
        102859630,
        139832894,
        85215105.8,
        78248650.74999999,
        96881564.85,
        102238361.44999999,
        273794575.99999994,
        155452449.45,
        141139802.45
      ],
      "MLB KIDS": [
        19239727,
        14679712,
        11088466,
        12527673,
        15234946,
        8774601.48,
        8697507.84,
        14124426.840000002,
        12913299.719999999,
        26499486.960000005,
        13043316.600000001,
        14494802.040000001
      ],
      "DISCOVERY": [
        4084151,
        1531054,
        1703816,
        1173245,
        2814634,
        3270946.0200000005,
        1861416.9600000002,
        9523062.9,
        5847318.51,
        12768718.65,
        6163419.630000001,
        8541553.47
      ]
    },
    "positive": {
      "MLB": [
        163956281,
        108539841,
        111832234,
        102859630,
        139832894,
        88920110.4,
        81650766,
        101093806.80000001,
        106683507.6,
        285698688.00000006,
        162211251.6,
        147276315.59999996
      ],
      "MLB KIDS": [
        19239727,
        14679712,
        11088466,
        12527673,
        15234946,
        9343325.649999999,
        9261235.2,
        15039898.949999997,
        13750272.850000001,
        28217046.299999997,
        13888716.75,
        15434279.95
      ],
      "DISCOVERY": [
        4084151,
        1531054,
        1703816,
        1173245,
        2814634,
        4140438,
        2356224,
        12054510,
        7401669,
        16162935,
        7801797,
        10812093
      ]
    }
  },
  "retailDealerMonthly": {
    "negative": {
      "MLB": [
        857663578,
        1025642882,
        619396819,
        636797840,
        693456633,
        547940523,
        532990002,
        577069720,
        537533435,
        820452546,
        791155483,
        772660360
      ],
      "MLB KIDS": [
        36962412,
        38873011,
        21419291,
        24079398,
        24692747,
        19883553.200000003,
        19963251.55,
        25604299.299999997,
        20930780,
        32197523.499999996,
        27356740.55,
        26981532.349999998
      ],
      "DISCOVERY": [
        5838605,
        5178052,
        3068930,
        2844851,
        3066896,
        6260986.4,
        8898471.4,
        12444927.8,
        11890633.2,
        18864058.8,
        17409654.4,
        25450131.4
      ]
    },
    "base": {
      "MLB": [
        857663578,
        1025642882,
        619396819,
        636797840,
        693456633,
        575337549.15,
        559639502.1,
        605923206.0000001,
        564410106.75,
        861475173.3000001,
        830713257.1500001,
        811293378
      ],
      "MLB KIDS": [
        36962412,
        38873011,
        21419291,
        24079398,
        24692747,
        20302154.32,
        20383530.53,
        26143337.18,
        21371428,
        32875366.1,
        27932671.930000003,
        27549564.610000003
      ],
      "DISCOVERY": [
        5838605,
        5178052,
        3068930,
        2844851,
        3066896,
        6260986.4,
        8898471.4,
        12444927.8,
        11890633.2,
        18864058.8,
        17409654.4,
        25450131.4
      ]
    },
    "positive": {
      "MLB": [
        857663578,
        1025642882,
        619396819,
        636797840,
        693456633,
        602734575.3000001,
        586289002.2,
        634776692,
        591286778.5,
        902497800.6000001,
        870271031.3000002,
        849926396
      ],
      "MLB KIDS": [
        36962412,
        38873011,
        21419291,
        24079398,
        24692747,
        21976558.799999997,
        22064646.45,
        28299488.7,
        23134020,
        35586736.5,
        30236397.45,
        29821693.650000002
      ],
      "DISCOVERY": [
        5838605,
        5178052,
        3068930,
        2844851,
        3066896,
        7084800.4,
        10069322.9,
        14082418.3,
        13455190.2,
        21346171.8,
        19700398.4,
        28798832.9
      ]
    }
  },
  "savedAt": "2026-06-10T01:31:22.201Z",
  "version": "negative:d0,-5,280-h4,0,137|base:d5,-3,280-h15,8,137|positive:d10,5,330-h20,15,200"
}