{
  "closing": {
    "negative": {
      "MLB": 2309468,
      "DISCOVERY": 384207.0485,
      "MLB KIDS": 170243.0049
    },
    "base": {
      "MLB KIDS": 166584.0363,
      "DISCOVERY": 373404.088,
      "MLB": 2304818
    },
    "positive": {
      "MLB": 2311386,
      "MLB KIDS": 163917.20515,
      "DISCOVERY": 363393.8325
    }
  },
  "retailHqMonthly": {
    "negative": {
      "MLB": [
        163956281,
        108539841,
        111832234,
        102859630,
        139832894,
        82403664,
        70763997.2,
        87614632.56,
        92459039.92,
        247605529.60000002,
        140583084.72,
        127639473.52000001
      ],
      "DISCOVERY": [
        4084151,
        1531054,
        1703816,
        1173245,
        2814634,
        1424293,
        1178112,
        6027255,
        3700834.5,
        8081467.5,
        3900898.5,
        5406046.5
      ],
      "MLB KIDS": [
        19239727,
        14679712,
        11088466,
        12527673,
        15234946,
        7741218,
        8053248,
        13078173,
        11956759,
        24536562,
        12077145,
        13421113
      ]
    },
    "base": {
      "MLB KIDS": [
        19239727,
        14679712,
        11088466,
        12527673,
        15234946,
        7741218,
        8697507.84,
        14124426.840000002,
        12913299.719999999,
        26499486.960000005,
        13043316.600000001,
        14494802.040000001
      ],
      "DISCOVERY": [
        4084151,
        1531054,
        1703816,
        1173245,
        2814634,
        1424293,
        1570816,
        8036340,
        4934446,
        10775290,
        5201198,
        7208062
      ],
      "MLB": [
        163956281,
        108539841,
        111832234,
        102859630,
        139832894,
        82403664,
        78248650.74999999,
        96881564.85,
        102238361.44999999,
        273794575.99999994,
        155452449.45,
        141139802.45
      ]
    },
    "positive": {
      "MLB": [
        163956281,
        108539841,
        111832234,
        102859630,
        139832894,
        82403664,
        81650766,
        101093806.80000001,
        106683507.6,
        285698688.00000006,
        162211251.6,
        147276315.59999996
      ],
      "MLB KIDS": [
        19239727,
        14679712,
        11088466,
        12527673,
        15234946,
        7741218,
        9261235.2,
        15039898.949999997,
        13750272.850000001,
        28217046.299999997,
        13888716.75,
        15434279.95
      ],
      "DISCOVERY": [
        4084151,
        1531054,
        1703816,
        1173245,
        2814634,
        1424293,
        1963520,
        10045425,
        6168057.5,
        13469112.5,
        6501497.5,
        9010077.5
      ]
    }
  },
  "retailDealerMonthly": {
    "negative": {
      "MLB": [
        857663578,
        1025642882,
        619396819,
        636797840,
        693456633,
        541423738,
        532990002,
        577069720,
        537533435,
        820452546,
        791155483,
        772660360
      ],
      "DISCOVERY": [
        5838605,
        5178052,
        3068930,
        2844851,
        3066896,
        2364537,
        8195960.5,
        11462433.5,
        10951899,
        17374791,
        16035208,
        23440910.5
      ],
      "MLB KIDS": [
        36962412,
        38873011,
        21419291,
        24079398,
        24692747,
        25244523,
        19963251.55,
        25604299.299999997,
        20930780,
        32197523.499999996,
        27356740.55,
        26981532.349999998
      ]
    },
    "base": {
      "MLB KIDS": [
        36962412,
        38873011,
        21419291,
        24079398,
        24692747,
        25244523,
        20383530.53,
        26143337.18,
        21371428,
        32875366.1,
        27932671.930000003,
        27549564.610000003
      ],
      "DISCOVERY": [
        5838605,
        5178052,
        3068930,
        2844851,
        3066896,
        2364537,
        9366812,
        13099924,
        12516456,
        19856904,
        18325952,
        26789612
      ],
      "MLB": [
        857663578,
        1025642882,
        619396819,
        636797840,
        693456633,
        541423738,
        559639502.1,
        605923206.0000001,
        564410106.75,
        861475173.3000001,
        830713257.1500001,
        811293378
      ]
    },
    "positive": {
      "MLB": [
        857663578,
        1025642882,
        619396819,
        636797840,
        693456633,
        541423738,
        586289002.2,
        634776692,
        591286778.5,
        902497800.6000001,
        870271031.3000002,
        849926396
      ],
      "MLB KIDS": [
        36962412,
        38873011,
        21419291,
        24079398,
        24692747,
        25244523,
        22064646.45,
        28299488.7,
        23134020,
        35586736.5,
        30236397.45,
        29821693.650000002
      ],
      "DISCOVERY": [
        5838605,
        5178052,
        3068930,
        2844851,
        3066896,
        2364537,
        10537663.5,
        14737414.5,
        14081013,
        22339017,
        20616696,
        30138313.5
      ]
    }
  },
  "savedAt": "2026-07-10T04:26:05.489Z",
  "version": "negative:d0,-5,250-h4,0,50|base:d5,-3,300-h15,8,100|positive:d10,5,350-h20,15,150"
}